-0.0186983,-0.0218040,-0.0249808,-0.0280600,-0.0308100,-0.0330209,-0.0345532,-0.0353561,-0.0354636,-0.0349815,-0.0340687,-0.0329146,-0.0317111,-0.0306242,-0.0297723,-0.0292165,-0.0289595,-0.0289473,-0.0290753,-0.0292037,-0.0291804,-0.0288699,-0.0281833,-0.0270982,-0.0256565,-0.0239407,-0.0220435,-0.0200477,-0.0180178,-0.0159993,-0.0140202,-0.0120999,-0.0102600,-0.0085310,-0.0069460,-0.0055291,-0.0042907,-0.0032323,-0.0023498,-0.0016260,-0.0010187,-0.0004603, 0.0001243, 0.0007864, 0.0015298, 0.0023068, 0.0030378, 0.0036404, 0.0040537, 0.0042465, 0.0042143, 0.0039684, 0.0035251, 0.0029013, 0.0021196, 0.0012168, 0.0002472,-0.0007219,-0.0016212,-0.0023941,-0.0030125,-0.0034850,-0.0038550,-0.0041845
-0.0192885,-0.0218595,-0.0245169,-0.0271078,-0.0294127,-0.0312279,-0.0324144,-0.0329173,-0.0327624,-0.0320441,-0.0309068,-0.0295239,-0.0280721,-0.0267073,-0.0255448,-0.0246519,-0.0240449,-0.0236891,-0.0235018,-0.0233654,-0.0231469,-0.0227243,-0.0220153,-0.0209954,-0.0196978,-0.0181914,-0.0165531,-0.0148486,-0.0131265,-0.0114175,-0.0097379,-0.0080974,-0.0065107,-0.0050022,-0.0035996,-0.0023230,-0.0011825,-0.0001844, 0.0006647, 0.0013674, 0.0019498, 0.0024663, 0.0029842, 0.0035547, 0.0041895, 0.0048548, 0.0054869, 0.0060176, 0.0063948, 0.0065894, 0.0065928, 0.0064091, 0.0060470, 0.0055182, 0.0048423, 0.0040542, 0.0032059, 0.0023602, 0.0015805, 0.0009172, 0.0003950, 0.0000052,-0.0002923,-0.0005543
-0.0196629,-0.0216398,-0.0237200,-0.0257694,-0.0275840,-0.0289688,-0.0297857,-0.0299750,-0.0295527,-0.0285992,-0.0272414,-0.0256327,-0.0239317,-0.0222809,-0.0207918,-0.0195377,-0.0185503,-0.0178172,-0.0172816,-0.0168518,-0.0164178,-0.0158746,-0.0151475,-0.0142105,-0.0130863,-0.0118280,-0.0104936,-0.0091294,-0.0077652,-0.0064152,-0.0050822,-0.0037657,-0.0024723,-0.0012195,-0.0000288, 0.0010841, 0.0021098, 0.0030366, 0.0038462, 0.0045242, 0.0050786, 0.0055479, 0.0059898, 0.0064552, 0.0069647, 0.0075003, 0.0080171, 0.0084637, 0.0087982, 0.0089940, 0.0090378, 0.0089251, 0.0086561, 0.0082362, 0.0076815, 0.0070250, 0.0063153, 0.0056099, 0.0049649, 0.0044238, 0.0040071, 0.0037061, 0.0034850, 0.0032933
-0.0198432,-0.0211705,-0.0226192,-0.0240771,-0.0253589,-0.0262796,-0.0267036,-0.0265652,-0.0258695,-0.0246806,-0.0231047,-0.0212721,-0.0193199,-0.0173749,-0.0155432,-0.0139045,-0.0125077,-0.0113650,-0.0104492,-0.0096982,-0.0090289,-0.0083558,-0.0076136,-0.0067745,-0.0058498,-0.0048743,-0.0038844,-0.0029043,-0.0019427,-0.0009957,-0.0000511, 0.0009027, 0.0018676, 0.0028336, 0.0037864, 0.0047154, 0.0056120, 0.0064588, 0.0072242, 0.0078755, 0.0083998, 0.0088179, 0.0091762, 0.0095245, 0.0098930, 0.0102819, 0.0106677, 0.0110182, 0.0113035, 0.0114996, 0.0115880, 0.0115546, 0.0113895, 0.0110911, 0.0106717, 0.0101616, 0.0096058, 0.0090555, 0.0085584, 0.0081499, 0.0078458, 0.0076377, 0.0074947, 0.0073744
-0.0199206,-0.0205692,-0.0213566,-0.0221946,-0.0229176,-0.0233531,-0.0233679,-0.0228913,-0.0219168,-0.0204911,-0.0186985,-0.0166449,-0.0144440,-0.0122059,-0.0100306,-0.0080036,-0.0061914,-0.0046318,-0.0033280,-0.0022493,-0.0013403,-0.0005365, 0.0002175, 0.0009512, 0.0016655, 0.0023449, 0.0029753, 0.0035558, 0.0040992, 0.0046284, 0.0051705, 0.0057483, 0.0063723, 0.0070405, 0.0077455, 0.0084824, 0.0092434, 0.0100050, 0.0107225, 0.0113442, 0.0118360, 0.0121998, 0.0124702, 0.0126957, 0.0129163, 0.0131510, 0.0133989, 0.0136477, 0.0138802, 0.0140754, 0.0142092, 0.0142572, 0.0141994, 0.0140267, 0.0137472, 0.0133887, 0.0129920, 0.0126016, 0.0122562, 0.0119830, 0.0117926, 0.0116770, 0.0116110, 0.0115604
-0.0199962,-0.0199685,-0.0200949,-0.0203101,-0.0204693,-0.0204127,-0.0200113,-0.0191904,-0.0179328,-0.0162686,-0.0142611,-0.0119922,-0.0095530,-0.0070373,-0.0045383,-0.0021471, 0.0000542, 0.0020036, 0.0036697, 0.0050538, 0.0061848, 0.0071077, 0.0078682, 0.0084976, 0.0090087, 0.0094042, 0.0096915, 0.0098915, 0.0100372, 0.0101691, 0.0103282, 0.0105475, 0.0108460, 0.0112285, 0.0116949, 0.0122449, 0.0128716, 0.0135459, 0.0142111, 0.0147975, 0.0152519, 0.0155582, 0.0157400, 0.0158445, 0.0159209, 0.0160060, 0.0161202, 0.0162703, 0.0164507, 0.0166433, 0.0168187, 0.0169429, 0.0169862, 0.0169326, 0.0167863, 0.0165724, 0.0163279, 0.0160905, 0.0158905, 0.0157467, 0.0156650, 0.0156376, 0.0156449, 0.0156605
-0.0201466,-0.0194803,-0.0189791,-0.0185980,-0.0182119,-0.0176746,-0.0168625,-0.0156991,-0.0141588,-0.0122579,-0.0100412,-0.0075696,-0.0049143,-0.0021543, 0.0006230, 0.0033230, 0.0058508, 0.0081252, 0.0100915, 0.0117269, 0.0130382, 0.0140542, 0.0148126, 0.0153468, 0.0156795, 0.0158292, 0.0158215, 0.0156951, 0.0155001, 0.0152911, 0.0151206, 0.0150305, 0.0150462, 0.0151790, 0.0154344, 0.0158161, 0.0163175, 0.0169050, 0.0175116, 0.0180539, 0.0184628, 0.0187080, 0.0188041, 0.0187972, 0.0187442, 0.0186970, 0.0186939, 0.0187570, 0.0188908, 0.0190787, 0.0192871, 0.0194742, 0.0196024, 0.0196502, 0.0196186, 0.0195303, 0.0194188, 0.0193158, 0.0192439, 0.0192150, 0.0192307, 0.0192834, 0.0193578, 0.0194347
-0.0204032,-0.0191768,-0.0181204,-0.0172048,-0.0163224,-0.0153403,-0.0141426,-0.0126536,-0.0108431,-0.0087174,-0.0063073,-0.0036580,-0.0008252, 0.0021237, 0.0051064, 0.0080267, 0.0107820, 0.0132787, 0.0154473, 0.0172487, 0.0186752, 0.0197445, 0.0204890, 0.0209438, 0.0211393, 0.0211055, 0.0208805, 0.0205153, 0.0200708, 0.0196116, 0.0191976, 0.0188768, 0.0186794, 0.0186211, 0.0187114, 0.0189565, 0.0193498, 0.0198538, 0.0203955, 0.0208827, 0.0212363, 0.0214176, 0.0214350, 0.0213342, 0.0211778, 0.0210280, 0.0209351, 0.0209320, 0.0210286, 0.0212097, 0.0214382, 0.0216674, 0.0218548, 0.0219756, 0.0220287, 0.0220350, 0.0220249, 0.0220256, 0.0220539, 0.0221163, 0.0222111, 0.0223305, 0.0224624, 0.0225924
-0.0207502,-0.0190892,-0.0175955,-0.0162497,-0.0149578,-0.0136000,-0.0120696,-0.0102953,-0.0082465,-0.0059251,-0.0033542,-0.0005694, 0.0023826, 0.0054412, 0.0085285, 0.0115492, 0.0143992, 0.0169820, 0.0192233, 0.0210789, 0.0225355, 0.0236065, 0.0243226, 0.0247205, 0.0248347, 0.0247010, 0.0243626, 0.0238752, 0.0233034, 0.0227151, 0.0221732, 0.0217278, 0.0214114, 0.0212419, 0.0212303, 0.0213837, 0.0216943, 0.0221233, 0.0225954, 0.0230166, 0.0233062, 0.0234231, 0.0233744, 0.0232058, 0.0229825, 0.0227710, 0.0226265, 0.0225852, 0.0226585, 0.0228303, 0.0230623, 0.0233064, 0.0235192, 0.0236750, 0.0237725, 0.0238312, 0.0238795, 0.0239417, 0.0240314, 0.0241521, 0.0242998, 0.0244665, 0.0246410, 0.0248117
-0.0211426,-0.0192204,-0.0174542,-0.0158272,-0.0142540,-0.0126266,-0.0108486,-0.0088571,-0.0066260,-0.0041588,-0.0014783, 0.0013812, 0.0043746, 0.0074431, 0.0105113, 0.0134879, 0.0162748, 0.0187828, 0.0209450, 0.0227241, 0.0241122, 0.0251262, 0.0257991, 0.0261685, 0.0262692, 0.0261355, 0.0258079, 0.0253372, 0.0247837, 0.0242110, 0.0236793, 0.0232367, 0.0229149, 0.0227311, 0.0226954, 0.0228133, 0.0230755, 0.0234435, 0.0238454, 0.0241933, 0.0244133, 0.0244701, 0.0243741, 0.0241717, 0.0239270, 0.0237040, 0.0235541, 0.0235088, 0.0235753, 0.0237358, 0.0239525, 0.0241799, 0.0243781, 0.0245242, 0.0246179, 0.0246782, 0.0247327, 0.0248049, 0.0249083, 0.0250459, 0.0252133, 0.0254017, 0.0255990, 0.0257929
-0.0215315,-0.0195575,-0.0177200,-0.0159962,-0.0143039,-0.0125439,-0.0106316,-0.0085155,-0.0061789,-0.0036337,-0.0009101, 0.0019500, 0.0048950, 0.0078621, 0.0107766, 0.0135543, 0.0161107, 0.0183743, 0.0202984, 0.0218650, 0.0230829, 0.0239806, 0.0245973, 0.0249709, 0.0251322, 0.0251066, 0.0249227, 0.0246176, 0.0242379, 0.0238360, 0.0234628, 0.0231605, 0.0229563, 0.0228639, 0.0228898, 0.0230354, 0.0232896, 0.0236164, 0.0239527, 0.0242248, 0.0243748, 0.0243810, 0.0242619, 0.0240654, 0.0238505, 0.0236712, 0.0235660, 0.0235536, 0.0236318, 0.0237793, 0.0239613, 0.0241392, 0.0242811, 0.0243700, 0.0244083, 0.0244156, 0.0244198, 0.0244460, 0.0245105, 0.0246193, 0.0247691, 0.0249499, 0.0251466, 0.0253432
-0.0218761,-0.0200699,-0.0183734,-0.0167501,-0.0151146,-0.0133737,-0.0114544,-0.0093189,-0.0069648,-0.0044182,-0.0017243, 0.0010593, 0.0038664, 0.0066246, 0.0092582, 0.0116929, 0.0138640, 0.0157276, 0.0172685, 0.0184994, 0.0194557, 0.0201851, 0.0207364, 0.0211475, 0.0214405, 0.0216252, 0.0217101, 0.0217101, 0.0216505, 0.0215649, 0.0214901, 0.0214579, 0.0214882, 0.0215883, 0.0217585, 0.0219944, 0.0222824, 0.0225912, 0.0228716, 0.0230713, 0.0231562, 0.0231254, 0.0230101, 0.0228597, 0.0227248, 0.0226423, 0.0226297, 0.0226855, 0.0227932, 0.0229269, 0.0230569, 0.0231556, 0.0232029, 0.0231904, 0.0231250, 0.0230277, 0.0229278, 0.0228543, 0.0228294, 0.0228647, 0.0229601, 0.0231040, 0.0232763, 0.0234543
-0.0221387,-0.0206962,-0.0193322,-0.0179897,-0.0165749,-0.0149970,-0.0131937,-0.0111423,-0.0088575,-0.0063842,-0.0037885,-0.0011504, 0.0014433, 0.0039060, 0.0061596, 0.0081408, 0.0098099, 0.0111575, 0.0122076, 0.0130123, 0.0136409, 0.0141657, 0.0146478, 0.0151243, 0.0156054, 0.0160802, 0.0165310, 0.0169442, 0.0173177, 0.0176617, 0.0179944, 0.0183344, 0.0186917, 0.0190655, 0.0194475, 0.0198262, 0.0201855, 0.0205004, 0.0207390, 0.0208755, 0.0209055, 0.0208540, 0.0207674, 0.0206977, 0.0206838, 0.0207407, 0.0208587, 0.0210105, 0.0211623, 0.0212828, 0.0213487, 0.0213461, 0.0212696, 0.0211216, 0.0209143, 0.0206709, 0.0204234, 0.0202063, 0.0200501, 0.0199745, 0.0199836, 0.0200645, 0.0201903, 0.0203296
-0.0222746,-0.0213408,-0.0204527,-0.0195302,-0.0184666,-0.0171703,-0.0155879,-0.0137110,-0.0115724,-0.0092377,-0.0067972,-0.0043567,-0.0020272, 0.0000880, 0.0019069, 0.0033779, 0.0044878, 0.0052642, 0.0057740, 0.0061120, 0.0063846, 0.0066912, 0.0071063, 0.0076661, 0.0083670, 0.0091750, 0.0100433, 0.0109272, 0.0117948, 0.0126302, 0.0134314, 0.0142018, 0.0149403, 0.0156367, 0.0162733, 0.0168308, 0.0172906, 0.0176347, 0.0178503, 0.0179398, 0.0179309, 0.0178759, 0.0178383, 0.0178723, 0.0180042, 0.0182249, 0.0184948, 0.0187587, 0.0189638, 0.0190731, 0.0190703, 0.0189561, 0.0187406, 0.0184378, 0.0180656, 0.0176501, 0.0172266, 0.0168366, 0.0165203, 0.0163065, 0.0162045, 0.0162000, 0.0162592, 0.0163404
-0.0222339,-0.0218898,-0.0215620,-0.0211466,-0.0205224,-0.0195943,-0.0183141,-0.0166853,-0.0147566,-0.0126139,-0.0103709,-0.0081594,-0.0061148,-0.0043573,-0.0029736,-0.0020047,-0.0014397,-0.0012159,-0.0012263,-0.0013355,-0.0014017,-0.0012995,-0.0009419,-0.0002934, 0.0006291, 0.0017694, 0.0030530, 0.0044056, 0.0057667, 0.0070954, 0.0083696, 0.0095777, 0.0107074, 0.0117384, 0.0126442, 0.0133980, 0.0139787, 0.0143756, 0.0145934, 0.0146612, 0.0146362, 0.0145967, 0.0146222, 0.0147688, 0.0150514, 0.0154378, 0.0158605, 0.0162378, 0.0164989, 0.0166011, 0.0165341, 0.0163117, 0.0159581, 0.0154979, 0.0149549, 0.0143581, 0.0137470, 0.0131704, 0.0126784, 0.0123092, 0.0120771, 0.0119672, 0.0119386, 0.0119405
-0.0219703,-0.0222362,-0.0224959,-0.0226257,-0.0224899,-0.0219867,-0.0210688,-0.0197465,-0.0180802,-0.0161715,-0.0141542,-0.0121824,-0.0104125,-0.0089799,-0.0079761,-0.0074350,-0.0073268,-0.0075614,-0.0080000,-0.0084748,-0.0088154,-0.0088755,-0.0085574,-0.0078264,-0.0067097,-0.0052813,-0.0036378,-0.0018773,-0.0000836, 0.0016814, 0.0033784, 0.0049825, 0.0064706, 0.0078136, 0.0089768, 0.0099275, 0.0106430, 0.0111181, 0.0113719, 0.0114540, 0.0114448, 0.0114428, 0.0115401, 0.0117949, 0.0122130, 0.0127447, 0.0133003, 0.0137774, 0.0140906, 0.0141919, 0.0140743, 0.0137609, 0.0132861, 0.0126823, 0.0119785, 0.0112071, 0.0104120, 0.0096492, 0.0089776, 0.0084435, 0.0080664, 0.0078307, 0.0076906, 0.0075877
-0.0214450,-0.0222917,-0.0231207,-0.0237947,-0.0241654,-0.0241214,-0.0236102,-0.0226419,-0.0212816,-0.0196403,-0.0178650,-0.0161254,-0.0145931,-0.0134143,-0.0126859,-0.0124388,-0.0126335,-0.0131648,-0.0138753,-0.0145784,-0.0150864,-0.0152401,-0.0149352,-0.0141366,-0.0128777,-0.0112425,-0.0093405,-0.0072838,-0.0051710,-0.0030776,-0.0010553, 0.0008602, 0.0026372, 0.0042392, 0.0056258, 0.0067602, 0.0076192, 0.0082012, 0.0085331, 0.0086763, 0.0087237, 0.0087850, 0.0089594, 0.0093067, 0.0098285, 0.0104656, 0.0111163, 0.0116665, 0.0120220, 0.0121302, 0.0119839, 0.0116091, 0.0110441, 0.0103254, 0.0094853, 0.0085600, 0.0075981, 0.0066619, 0.0058169, 0.0051160, 0.0045821, 0.0042002, 0.0039223, 0.0036854
-0.0206240,-0.0219887,-0.0233379,-0.0245291,-0.0254037,-0.0258377,-0.0257669,-0.0251926,-0.0241762,-0.0228294,-0.0213043,-0.0197771,-0.0184263,-0.0174043,-0.0168123,-0.0166843,-0.0169821,-0.0176008,-0.0183818,-0.0191364,-0.0196743,-0.0198339,-0.0195089,-0.0186637,-0.0173314,-0.0155969,-0.0135706,-0.0113666,-0.0090863,-0.0068101,-0.0045958,-0.0024855,-0.0005173, 0.0012676, 0.0028256, 0.0041190, 0.0051249, 0.0058427, 0.0063001, 0.0065580, 0.0067087, 0.0068616, 0.0071162, 0.0075333, 0.0081154, 0.0088047, 0.0095001, 0.0100874, 0.0104709, 0.0105948, 0.0104475, 0.0100499, 0.0094370, 0.0086438, 0.0077041, 0.0066579, 0.0055587, 0.0044734, 0.0034719, 0.0026100, 0.0019131, 0.0013681, 0.0009275, 0.0005284
-0.0194877,-0.0212926,-0.0230982,-0.0247659,-0.0261299,-0.0270505,-0.0274450,-0.0272977,-0.0266572,-0.0256276,-0.0243564,-0.0230169,-0.0217858,-0.0208157,-0.0202117,-0.0200163,-0.0202048,-0.0206880,-0.0213248,-0.0219425,-0.0223637,-0.0224357,-0.0220557,-0.0211866,-0.0198560,-0.0181391,-0.0161354,-0.0139474,-0.0116676,-0.0093711,-0.0071145,-0.0049422,-0.0028952,-0.0010170, 0.0006491, 0.0020673, 0.0032168, 0.0040951, 0.0047224, 0.0051473, 0.0054474, 0.0057194, 0.0060557, 0.0065171, 0.0071129, 0.0077971, 0.0084826, 0.0090673, 0.0094623, 0.0096103, 0.0094911, 0.0091131, 0.0084997, 0.0076794, 0.0066852, 0.0055604, 0.0043632, 0.0031635, 0.0020321, 0.0010249, 0.0001683,-0.0005484,-0.0011681,-0.0017494
-0.0180645,-0.0202334,-0.0224318,-0.0245323,-0.0263642,-0.0277703,-0.0286435,-0.0289444,-0.0287017,-0.0280041,-0.0269866,-0.0258112,-0.0246450,-0.0236356,-0.0228910,-0.0224668,-0.0223613,-0.0225157,-0.0228218,-0.0231384,-0.0233152,-0.0232178,-0.0227524,-0.0218801,-0.0206181,-0.0190240,-0.0171755,-0.0151525,-0.0130277,-0.0108620,-0.0087046,-0.0065971,-0.0045807,-0.0026980,-0.0009894, 0.0005145, 0.0017957, 0.0028479, 0.0036772, 0.0043090, 0.0047943, 0.0052064, 0.0056241, 0.0061071, 0.0066759, 0.0073051, 0.0079327, 0.0084793, 0.0088700, 0.0090484, 0.0089826, 0.0086625, 0.0080936, 0.0072932, 0.0062913, 0.0051343, 0.0038840, 0.0026115, 0.0013856, 0.0002594,-0.0007414,-0.0016237,-0.0024234,-0.0031908
-0.0164661,-0.0189360,-0.0214722,-0.0239631,-0.0262343,-0.0281098,-0.0294557,-0.0302046,-0.0303614,-0.0299950,-0.0292228,-0.0281901,-0.0270493,-0.0259393,-0.0249700,-0.0242129,-0.0236952,-0.0233967,-0.0232521,-0.0231622,-0.0230121,-0.0226926,-0.0221219,-0.0212603,-0.0201119,-0.0187123,-0.0171109,-0.0153580,-0.0134996,-0.0115764,-0.0096249,-0.0076807,-0.0057820,-0.0039685,-0.0022750,-0.0007254, 0.0006666, 0.0018891, 0.0029302, 0.0037856, 0.0044720, 0.0050330, 0.0055293, 0.0060182, 0.0065339, 0.0070763, 0.0076149, 0.0080996, 0.0084743, 0.0086857, 0.0086893, 0.0084538, 0.0079636, 0.0072219, 0.0062542, 0.0051088, 0.0038504, 0.0025494, 0.0012704, 0.0000615,-0.0010530,-0.0020762,-0.0030350,-0.0039695
-0.0148855,-0.0176086,-0.0204369,-0.0232747,-0.0259440,-0.0282501,-0.0300326,-0.0311971,-0.0317245,-0.0316634,-0.0311129,-0.0302004,-0.0290624,-0.0278278,-0.0266078,-0.0254892,-0.0245290,-0.0237469,-0.0231224,-0.0226000,-0.0221025,-0.0215474,-0.0208663,-0.0200193,-0.0189984,-0.0178173,-0.0164968,-0.0150562,-0.0135129,-0.0118853,-0.0101948,-0.0084685,-0.0067397,-0.0050434,-0.0034079,-0.0018492,-0.0003769, 0.0009920, 0.0022267, 0.0032921, 0.0041696, 0.0048716, 0.0054398, 0.0059286, 0.0063846, 0.0068330, 0.0072747, 0.0076898, 0.0080428, 0.0082851, 0.0083617, 0.0082212, 0.0078274, 0.0071694, 0.0062673, 0.0051703, 0.0039443, 0.0026580, 0.0013705, 0.0001242,-0.0010585,-0.0021769,-0.0032493,-0.0043055
-0.0135394,-0.0164773,-0.0195553,-0.0226895,-0.0256969,-0.0283660,-0.0305139,-0.0320239,-0.0328573,-0.0330465,-0.0326753,-0.0318565,-0.0307129,-0.0293650,-0.0279244,-0.0264906,-0.0251454,-0.0239424,-0.0228996,-0.0219992,-0.0211964,-0.0204319,-0.0196499,-0.0188119,-0.0179013,-0.0169148,-0.0158496,-0.0146989,-0.0134551,-0.0121159,-0.0106881,-0.0091891,-0.0076458,-0.0060880,-0.0045373,-0.0030025,-0.0014892,-0.0000182, 0.0013635, 0.0025948, 0.0036264, 0.0044442, 0.0050732, 0.0055643, 0.0059732, 0.0063446, 0.0067045, 0.0070588, 0.0073902, 0.0076567, 0.0077969, 0.0077448, 0.0074480, 0.0068839, 0.0060675, 0.0050470, 0.0038884, 0.0026575, 0.0014081, 0.0001775,-0.0010139,-0.0021624,-0.0032795,-0.0043869
-0.0125843,-0.0156995,-0.0189809,-0.0223491,-0.0256144,-0.0285513,-0.0309618,-0.0327148,-0.0337600,-0.0341203,-0.0338706,-0.0331150,-0.0319682,-0.0305450,-0.0289569,-0.0273109,-0.0257047,-0.0242144,-0.0228837,-0.0217205,-0.0207019,-0.0197851,-0.0189237,-0.0180827,-0.0172426,-0.0163915,-0.0155129,-0.0145827,-0.0135757,-0.0124740,-0.0112716,-0.0099765,-0.0086085,-0.0071918,-0.0057423,-0.0042631,-0.0027562,-0.0012444, 0.0002150, 0.0015432, 0.0026706, 0.0035649, 0.0042393, 0.0047408, 0.0051287, 0.0054573, 0.0057673, 0.0060809, 0.0063949, 0.0066750, 0.0068596, 0.0068764, 0.0066647, 0.0061943, 0.0054756, 0.0045546, 0.0034952, 0.0023597, 0.0011976, 0.0000425,-0.0010868,-0.0021848,-0.0032594,-0.0043277
-0.0120647,-0.0153142,-0.0187445,-0.0222726,-0.0256994,-0.0287907,-0.0313412,-0.0332161,-0.0343628,-0.0348028,-0.0346100,-0.0338868,-0.0327463,-0.0313010,-0.0296611,-0.0279353,-0.0262258,-0.0246169,-0.0231626,-0.0218815,-0.0207600,-0.0197630,-0.0188504,-0.0179925,-0.0171742,-0.0163850,-0.0156061,-0.0148074,-0.0139553,-0.0130226,-0.0119937,-0.0108675,-0.0096562,-0.0083782,-0.0070450,-0.0056562,-0.0042105,-0.0027305,-0.0012765, 0.0000659, 0.0012187, 0.0021421, 0.0028435, 0.0033655, 0.0037640, 0.0040916, 0.0043902, 0.0046877, 0.0049893, 0.0052697, 0.0054746, 0.0055354, 0.0053919, 0.0050117, 0.0044018, 0.0036036, 0.0026770, 0.0016802, 0.0006593,-0.0003539,-0.0013414,-0.0022979,-0.0032308,-0.0041575
-0.0119257,-0.0152588,-0.0187753,-0.0223805,-0.0258649,-0.0289898,-0.0315526,-0.0334248,-0.0345610,-0.0349896,-0.0347906,-0.0340717,-0.0329497,-0.0315382,-0.0299449,-0.0282729,-0.0266181,-0.0250589,-0.0236442,-0.0223886,-0.0212758,-0.0202704,-0.0193353,-0.0184486,-0.0176064,-0.0168099,-0.0160493,-0.0152995,-0.0145276,-0.0137029,-0.0128033,-0.0118188,-0.0107531,-0.0096186,-0.0084238,-0.0071661,-0.0058419,-0.0044707,-0.0031087,-0.0018376,-0.0007315, 0.0001723, 0.0008813, 0.0014327, 0.0018720, 0.0022384, 0.0025621, 0.0028657, 0.0031579, 0.0034243, 0.0036253, 0.0037064, 0.0036168, 0.0033275, 0.0028421, 0.0021960, 0.0014420, 0.0006335,-0.0001858,-0.0009846,-0.0017451,-0.0024635,-0.0031505,-0.0038280
-0.0120690,-0.0154275,-0.0189621,-0.0225593,-0.0259980,-0.0290404,-0.0314948,-0.0332485,-0.0342719,-0.0346067,-0.0343448,-0.0336047,-0.0325112,-0.0311807,-0.0297165,-0.0282104,-0.0267422,-0.0253723,-0.0241320,-0.0230200,-0.0220078,-0.0210528,-0.0201190,-0.0191948,-0.0182937,-0.0174370,-0.0166337,-0.0158725,-0.0151285,-0.0143726,-0.0135777,-0.0127250,-0.0118085,-0.0108342,-0.0098078,-0.0087262,-0.0075840,-0.0063946,-0.0052044,-0.0040819,-0.0030873,-0.0022466,-0.0015483,-0.0009614,-0.0004575,-0.0000210, 0.0003558, 0.0006812, 0.0009638, 0.0012023, 0.0013788, 0.0014623, 0.0014193, 0.0012280, 0.0008896, 0.0004308,-0.0001051,-0.0006712,-0.0012255,-0.0017364,-0.0021858,-0.0025726,-0.0029138,-0.0032393
-0.0123935,-0.0157187,-0.0192051,-0.0227165,-0.0260199,-0.0288823,-0.0311296,-0.0326717,-0.0335006,-0.0336762,-0.0333058,-0.0325216,-0.0314588,-0.0302375,-0.0289548,-0.0276866,-0.0264899,-0.0253991,-0.0244196,-0.0235268,-0.0226734,-0.0218061,-0.0208889,-0.0199223,-0.0189415,-0.0179939,-0.0171133,-0.0163082,-0.0155661,-0.0148625,-0.0141667,-0.0134500,-0.0126962,-0.0119035,-0.0110756,-0.0102094,-0.0092977,-0.0083464,-0.0073876,-0.0064703,-0.0056341,-0.0048884,-0.0042151,-0.0035906,-0.0030083,-0.0024833,-0.0020381,-0.0016835,-0.0014135,-0.0012140,-0.0010758,-0.0010002,-0.0009978,-0.0010802,-0.0012489,-0.0014877,-0.0017652,-0.0020420,-0.0022785,-0.0024418,-0.0025134,-0.0024960,-0.0024146,-0.0023094
-0.0127947,-0.0160402,-0.0194293,-0.0228017,-0.0259138,-0.0285395,-0.0305254,-0.0318067,-0.0323987,-0.0323809,-0.0318767,-0.0310323,-0.0299932,-0.0288830,-0.0277916,-0.0267773,-0.0258723,-0.0250825,-0.0243852,-0.0237305,-0.0230508,-0.0222811,-0.0213853,-0.0203765,-0.0193126,-0.0182686,-0.0173044,-0.0164497,-0.0157060,-0.0150538,-0.0144592,-0.0138839,-0.0133004,-0.0126997,-0.0120831,-0.0114479,-0.0107849,-0.0100920,-0.0093856,-0.0086934,-0.0080324,-0.0073941,-0.0067531,-0.0060939,-0.0054330,-0.0048182,-0.0043040,-0.0039218,-0.0036680,-0.0035124,-0.0034172,-0.0033520,-0.0033031,-0.0032715,-0.0032612,-0.0032676,-0.0032716,-0.0032425,-0.0031429,-0.0029388,-0.0026116,-0.0021675,-0.0016403,-0.0010805
-0.0131449,-0.0162932,-0.0195697,-0.0227946,-0.0257156,-0.0281138,-0.0298538,-0.0308927,-0.0312663,-0.0310697,-0.0304397,-0.0295335,-0.0285047,-0.0274789,-0.0265393,-0.0257292,-0.0250596,-0.0245129,-0.0240434,-0.0235802,-0.0230398,-0.0223475,-0.0214677,-0.0204243,-0.0192945,-0.0181760,-0.0171504,-0.0162646,-0.0155313,-0.0149350,-0.0144384,-0.0139950,-0.0135675,-0.0131402,-0.0127122,-0.0122809,-0.0118355,-0.0113670,-0.0108785,-0.0103799,-0.0098695,-0.0093241,-0.0087130,-0.0080278,-0.0073049,-0.0066194,-0.0060524,-0.0056519,-0.0054156,-0.0052991,-0.0052398,-0.0051809,-0.0050881,-0.0049535,-0.0047841,-0.0045850,-0.0043482,-0.0040506,-0.0036573,-0.0031338,-0.0024612,-0.0016490,-0.0007376, 0.0002134
-0.0133019,-0.0163714,-0.0195616,-0.0226821,-0.0254765,-0.0277302,-0.0293180,-0.0302094,-0.0304508,-0.0301459,-0.0294375,-0.0284881,-0.0274543,-0.0264615,-0.0255889,-0.0248713,-0.0243085,-0.0238713,-0.0235031,-0.0231236,-0.0226420,-0.0219800,-0.0211033,-0.0200421,-0.0188841,-0.0177393,-0.0167000,-0.0158212,-0.0151204,-0.0145830,-0.0141688,-0.0138254,-0.0135095,-0.0132007,-0.0128963,-0.0125935,-0.0122800,-0.0119431,-0.0115788,-0.0111885,-0.0107612,-0.0102671,-0.0096737,-0.0089773,-0.0082253,-0.0075080,-0.0069198,-0.0065166,-0.0062951,-0.0062019,-0.0061601,-0.0060981,-0.0059708,-0.0057659,-0.0054924,-0.0051617,-0.0047727,-0.0043072,-0.0037325,-0.0030142,-0.0021336,-0.0011018, 0.0000372, 0.0012196
-0.0131570,-0.0161900,-0.0193474,-0.0224415,-0.0252171,-0.0274593,-0.0290419,-0.0299327,-0.0301756,-0.0298719,-0.0291613,-0.0282027,-0.0271495,-0.0261246,-0.0252061,-0.0244299,-0.0237992,-0.0232897,-0.0228506,-0.0224078,-0.0218760,-0.0211810,-0.0202905,-0.0192353,-0.0181017,-0.0169965,-0.0160082,-0.0151876,-0.0145477,-0.0140706,-0.0137137,-0.0134228,-0.0131531,-0.0128830,-0.0126087,-0.0123259,-0.0120221,-0.0116846,-0.0113119,-0.0109088,-0.0104691,-0.0099670,-0.0093731,-0.0086846,-0.0079481,-0.0072507,-0.0066831,-0.0062967,-0.0060844,-0.0059913,-0.0059409,-0.0058635,-0.0057162,-0.0054887,-0.0051911,-0.0048355,-0.0044216,-0.0039322,-0.0033363,-0.0026006,-0.0017069,-0.0006660, 0.0004796, 0.0016674
-0.0126819,-0.0157184,-0.0188945,-0.0220386,-0.0249023,-0.0272665,-0.0289924,-0.0300315,-0.0304125,-0.0302224,-0.0295883,-0.0286569,-0.0275715,-0.0264497,-0.0253718,-0.0243846,-0.0235089,-0.0227424,-0.0220575,-0.0214023,-0.0207098,-0.0199178,-0.0189977,-0.0179743,-0.0169202,-0.0159241,-0.0150552,-0.0143469,-0.0137994,-0.0133868,-0.0130643,-0.0127800,-0.0124925,-0.0121823,-0.0118449,-0.0114739,-0.0110568,-0.0105859,-0.0100710,-0.0095333,-0.0089847,-0.0084152,-0.0078030,-0.0071427,-0.0064676,-0.0058440,-0.0053401,-0.0049905,-0.0047820,-0.0046656,-0.0045800,-0.0044743,-0.0043214,-0.0041192,-0.0038780,-0.0036049,-0.0032944,-0.0029265,-0.0024711,-0.0018973,-0.0011878,-0.0003509, 0.0005769, 0.0015410
-0.0119381,-0.0149909,-0.0182068,-0.0214405,-0.0244558,-0.0270270,-0.0289943,-0.0302831,-0.0308964,-0.0308987,-0.0303966,-0.0295176,-0.0283891,-0.0271209,-0.0257979,-0.0244843,-0.0232296,-0.0220661,-0.0210026,-0.0200218,-0.0190850,-0.0181485,-0.0171882,-0.0162186,-0.0152892,-0.0144589,-0.0137660,-0.0132169,-0.0127915,-0.0124530,-0.0121544,-0.0118489,-0.0115021,-0.0110990,-0.0106344,-0.0100995,-0.0094820,-0.0087825,-0.0080291,-0.0072687,-0.0065421,-0.0058631,-0.0052218,-0.0046076,-0.0040310,-0.0035241,-0.0031188,-0.0028235,-0.0026166,-0.0024601,-0.0023195,-0.0021751,-0.0020256,-0.0018820,-0.0017541,-0.0016401,-0.0015247,-0.0013828,-0.0011847,-0.0009031,-0.0005220,-0.0000455, 0.0004998, 0.0010715
-0.0110496,-0.0140960,-0.0173317,-0.0206435,-0.0238108,-0.0266013,-0.0288323,-0.0303984,-0.0312729,-0.0314935,-0.0311423,-0.0303236,-0.0291457,-0.0277087,-0.0261022,-0.0244111,-0.0227178,-0.0210950,-0.0195942,-0.0182378,-0.0170208,-0.0159208,-0.0149192,-0.0140179,-0.0132390,-0.0126060,-0.0121208,-0.0117582,-0.0114747,-0.0112207,-0.0109477,-0.0106147,-0.0101965,-0.0096829,-0.0090686,-0.0083419,-0.0074910,-0.0065264,-0.0054970,-0.0044801,-0.0035495,-0.0027468,-0.0020760,-0.0015203,-0.0010633,-0.0006963,-0.0004091,-0.0001789, 0.0000254, 0.0002280, 0.0004320, 0.0006200, 0.0007629, 0.0008348, 0.0008264, 0.0007500, 0.0006325, 0.0005050, 0.0003965, 0.0003303, 0.0003207, 0.0003685, 0.0004586, 0.0005636
-0.0101745,-0.0131663,-0.0163708,-0.0197065,-0.0229702,-0.0259259,-0.0283707,-0.0301712,-0.0312723,-0.0316858,-0.0314692,-0.0307036,-0.0294780,-0.0278821,-0.0260096,-0.0239643,-0.0218594,-0.0198058,-0.0178952,-0.0161884,-0.0147119,-0.0134645,-0.0124323,-0.0116050,-0.0109782,-0.0105406,-0.0102593,-0.0100787,-0.0099335,-0.0097623,-0.0095153,-0.0091582,-0.0086742,-0.0080585,-0.0073056,-0.0064010,-0.0053338,-0.0041238,-0.0028398,-0.0015872,-0.0004712, 0.0004407, 0.0011312, 0.0016233, 0.0019589, 0.0021861, 0.0023558, 0.0025204, 0.0027199, 0.0029645, 0.0032274, 0.0034552, 0.0035899, 0.0035914, 0.0034510, 0.0031911, 0.0028497, 0.0024633, 0.0020600, 0.0016590, 0.0012728, 0.0009068, 0.0005574, 0.0002114
-0.0094910,-0.0123745,-0.0154853,-0.0187690,-0.0220397,-0.0250625,-0.0276211,-0.0295618,-0.0308075,-0.0313493,-0.0312246,-0.0304953,-0.0292336,-0.0275208,-0.0254525,-0.0231466,-0.0207396,-0.0183709,-0.0161622,-0.0142030,-0.0125442,-0.0111999,-0.0101599,-0.0094032,-0.0089036,-0.0086219,-0.0084976,-0.0084522,-0.0084043,-0.0082848,-0.0080443,-0.0076552,-0.0071084,-0.0064042,-0.0055371,-0.0044913,-0.0032570,-0.0018614,-0.0003883, 0.0010361, 0.0022838, 0.0032678, 0.0039614, 0.0043926, 0.0046241, 0.0047352, 0.0048091, 0.0049204, 0.0051149, 0.0053906, 0.0056957, 0.0059483, 0.0060677, 0.0060031, 0.0057469, 0.0053299, 0.0047987, 0.0041946, 0.0035449, 0.0028654, 0.0021672, 0.0014592, 0.0007470, 0.0000291
-0.0091845,-0.0119170,-0.0148788,-0.0180336,-0.0212112,-0.0241827,-0.0267285,-0.0286854,-0.0299648,-0.0305456,-0.0304531,-0.0297370,-0.0284600,-0.0266973,-0.0245458,-0.0221301,-0.0195977,-0.0171012,-0.0147757,-0.0127235,-0.0110064,-0.0096452,-0.0086297,-0.0079309,-0.0075082,-0.0073054,-0.0072469,-0.0072432,-0.0072067,-0.0070674,-0.0067798,-0.0063233,-0.0056962,-0.0049034,-0.0039411,-0.0027940,-0.0014541, 0.0000467, 0.0016177, 0.0031235, 0.0044265, 0.0054314, 0.0061082, 0.0064894, 0.0066509, 0.0066904, 0.0067093, 0.0067928, 0.0069867, 0.0072785, 0.0075994, 0.0078500, 0.0079367, 0.0078035, 0.0074450, 0.0068979, 0.0062152, 0.0054419, 0.0046056, 0.0037207, 0.0027972, 0.0018463, 0.0008785,-0.0001004
-0.0094151,-0.0119736,-0.0147480,-0.0177090,-0.0206987,-0.0234995,-0.0258989,-0.0277374,-0.0289268,-0.0294449,-0.0293152,-0.0285856,-0.0273176,-0.0255862,-0.0234882,-0.0211470,-0.0187067,-0.0163138,-0.0140961,-0.0121486,-0.0105268,-0.0092465,-0.0082925,-0.0076307,-0.0072147,-0.0069850,-0.0068661,-0.0067724,-0.0066231,-0.0063559,-0.0059341,-0.0053452,-0.0045949,-0.0036931,-0.0026397,-0.0014228,-0.0000371, 0.0014844, 0.0030533, 0.0045393, 0.0058116, 0.0067808, 0.0074215, 0.0077703, 0.0079074, 0.0079342, 0.0079526, 0.0080441, 0.0082466, 0.0085384, 0.0088427, 0.0090554, 0.0090818, 0.0088673, 0.0084104, 0.0077515, 0.0069477, 0.0060472, 0.0050798, 0.0040611, 0.0030013, 0.0019115, 0.0008029,-0.0003176
-0.0102689,-0.0126464,-0.0152112,-0.0179291,-0.0206504,-0.0231728,-0.0253015,-0.0268925,-0.0278704,-0.0282234,-0.0279844,-0.0272105,-0.0259716,-0.0243485,-0.0224377,-0.0203539,-0.0182229,-0.0161662,-0.0142829,-0.0126397,-0.0112678,-0.0101656,-0.0093078,-0.0086569,-0.0081704,-0.0077989,-0.0074825,-0.0071552,-0.0067557,-0.0062390,-0.0055818,-0.0047820,-0.0038523,-0.0028088,-0.0016572,-0.0003917, 0.0009889, 0.0024542, 0.0039270, 0.0052971, 0.0064567, 0.0073367, 0.0079249, 0.0082619, 0.0084236, 0.0084999, 0.0085760, 0.0087143, 0.0089369, 0.0092137, 0.0094688, 0.0096058, 0.0095404, 0.0092268, 0.0086683, 0.0079079, 0.0070044, 0.0060095, 0.0049574, 0.0038678, 0.0027524, 0.0016203, 0.0004783,-0.0006717
-0.0117167,-0.0139063,-0.0162431,-0.0186779,-0.0210650,-0.0232202,-0.0249737,-0.0262071,-0.0268680,-0.0269642,-0.0265472,-0.0256926,-0.0244872,-0.0230228,-0.0213957,-0.0197056,-0.0180492,-0.0165072,-0.0151329,-0.0139480,-0.0129450,-0.0120944,-0.0113562,-0.0106920,-0.0100701,-0.0094621,-0.0088370,-0.0081605,-0.0074011,-0.0065384,-0.0055663,-0.0044939,-0.0033412,-0.0021305,-0.0008755, 0.0004214, 0.0017566, 0.0031044, 0.0044069, 0.0055849, 0.0065670, 0.0073158, 0.0078392, 0.0081819, 0.0084085, 0.0085852, 0.0087661, 0.0089829, 0.0092351, 0.0094852, 0.0096654, 0.0096974, 0.0095164, 0.0090908, 0.0084303, 0.0075787, 0.0065951, 0.0055347, 0.0044384, 0.0033320, 0.0022297, 0.0011373, 0.0000527,-0.0010320
-0.0136043,-0.0155774,-0.0176529,-0.0197607,-0.0217563,-0.0234743,-0.0247741,-0.0255682,-0.0258323,-0.0255993,-0.0249442,-0.0239660,-0.0227727,-0.0214698,-0.0201534,-0.0189056,-0.0177879,-0.0168332,-0.0160405,-0.0153784,-0.0147933,-0.0142227,-0.0136103,-0.0129175,-0.0121278,-0.0112402,-0.0102587,-0.0091868,-0.0080277,-0.0067881,-0.0054801,-0.0041234,-0.0027443,-0.0013710,-0.0000253, 0.0012809, 0.0025388, 0.0037294, 0.0048169, 0.0057589, 0.0065263, 0.0071196, 0.0075694, 0.0079250, 0.0082355, 0.0085369, 0.0088446, 0.0091537, 0.0094385, 0.0096552, 0.0097488, 0.0096648, 0.0093632, 0.0088293, 0.0080796, 0.0071573, 0.0061207, 0.0050279, 0.0039272, 0.0028519, 0.0018188, 0.0008293,-0.0001294,-0.0010783
-0.0156891,-0.0173809,-0.0191334,-0.0208561,-0.0224048,-0.0236327,-0.0244276,-0.0247329,-0.0245521,-0.0239428,-0.0230024,-0.0218525,-0.0206210,-0.0194263,-0.0183641,-0.0174994,-0.0168605,-0.0164346,-0.0161696,-0.0159834,-0.0157789,-0.0154626,-0.0149623,-0.0142405,-0.0132959,-0.0121543,-0.0108534,-0.0094324,-0.0079267,-0.0063673,-0.0047817,-0.0031973,-0.0016446,-0.0001559, 0.0012399, 0.0025224, 0.0036782, 0.0046942, 0.0055557, 0.0062548, 0.0068028, 0.0072356, 0.0076060, 0.0079666, 0.0083516, 0.0087666, 0.0091902, 0.0095817, 0.0098928, 0.0100753, 0.0100880, 0.0099009, 0.0094984, 0.0088824, 0.0080750, 0.0071181, 0.0060676, 0.0049840, 0.0039215, 0.0029201, 0.0019992, 0.0011551, 0.0003644,-0.0004067
-0.0177104,-0.0190244,-0.0203682,-0.0216364,-0.0226870,-0.0233896,-0.0236564,-0.0234564,-0.0228159,-0.0218108,-0.0205552,-0.0191862,-0.0178456,-0.0166602,-0.0157251,-0.0150918,-0.0147634,-0.0146930,-0.0147903,-0.0149353,-0.0149987,-0.0148636,-0.0144465,-0.0137104,-0.0126658,-0.0113588,-0.0098525,-0.0082124,-0.0064969,-0.0047536,-0.0030192,-0.0013246, 0.0002992, 0.0018181, 0.0031991, 0.0044157, 0.0054508, 0.0062953, 0.0069501, 0.0074330, 0.0077855, 0.0080705, 0.0083575, 0.0087016, 0.0091252, 0.0096112, 0.0101092, 0.0105522, 0.0108751, 0.0110277, 0.0109808, 0.0107243, 0.0102624, 0.0096097, 0.0087920, 0.0078489, 0.0068335, 0.0058063, 0.0048251, 0.0039342, 0.0031538, 0.0024763, 0.0018696, 0.0012899
-0.0194578,-0.0202914,-0.0211389,-0.0218889,-0.0224048,-0.0225698,-0.0223144,-0.0216247,-0.0205407,-0.0191481,-0.0175677,-0.0159422,-0.0144180,-0.0131242,-0.0121541,-0.0115517,-0.0113067,-0.0113551,-0.0115871,-0.0118641,-0.0120403,-0.0119875,-0.0116163,-0.0108902,-0.0098253,-0.0084779,-0.0069237,-0.0052408,-0.0034978,-0.0017483,-0.0000306, 0.0016265, 0.0031944, 0.0046411, 0.0059326, 0.0070399, 0.0079434, 0.0086352, 0.0091237, 0.0094394, 0.0096398, 0.0098018, 0.0100041, 0.0103030, 0.0107150, 0.0112106, 0.0117246, 0.0121764, 0.0124924, 0.0126228, 0.0125466, 0.0122661, 0.0117974, 0.0111619, 0.0103869, 0.0095092, 0.0085783, 0.0076527, 0.0067905, 0.0060364, 0.0054102, 0.0049012, 0.0044720, 0.0040736
-0.0208058,-0.0210811,-0.0213694,-0.0215636,-0.0215355,-0.0211795,-0.0204364,-0.0193006,-0.0178162,-0.0160688,-0.0141758,-0.0122749,-0.0105074,-0.0089983,-0.0078381,-0.0070694,-0.0066815,-0.0066104,-0.0067471,-0.0069537,-0.0070854,-0.0070148,-0.0066529,-0.0059626,-0.0049596,-0.0036992,-0.0022562,-0.0007071, 0.0008824, 0.0024635, 0.0040040, 0.0054815, 0.0068737, 0.0081530, 0.0092882, 0.0102509, 0.0110204, 0.0115876, 0.0119594, 0.0121660, 0.0122652, 0.0123352, 0.0124550, 0.0126817, 0.0130313, 0.0134744, 0.0139451, 0.0143624, 0.0146536, 0.0147709, 0.0146969, 0.0144380, 0.0140131, 0.0134452, 0.0127601, 0.0119918, 0.0111859, 0.0103970, 0.0096799, 0.0090765, 0.0086043, 0.0082508, 0.0079774, 0.0077344
-0.0217058,-0.0213898,-0.0210990,-0.0207388,-0.0201921,-0.0193612,-0.0181909,-0.0166753,-0.0148539,-0.0128039,-0.0106309,-0.0084585,-0.0064149,-0.0046157,-0.0031479,-0.0020580,-0.0013457,-0.0009620,-0.0008153,-0.0007855,-0.0007434,-0.0005727,-0.0001898, 0.0004430, 0.0013165, 0.0023855, 0.0035875, 0.0048598, 0.0061507, 0.0074249, 0.0086621, 0.0098500, 0.0109749, 0.0120159, 0.0129472, 0.0137438, 0.0143855, 0.0148590, 0.0151629, 0.0153157, 0.0153628, 0.0153718, 0.0154156, 0.0155506, 0.0157982, 0.0161386, 0.0165180, 0.0168664, 0.0171191, 0.0172320, 0.0171868, 0.0169865, 0.0166457, 0.0161832, 0.0156221, 0.0149932, 0.0143382, 0.0137065, 0.0131469, 0.0126957, 0.0123668, 0.0121470, 0.0119998, 0.0118793
-0.0221609,-0.0212724,-0.0204308,-0.0195596,-0.0185543,-0.0173221,-0.0158061,-0.0139935,-0.0119130,-0.0096271,-0.0072236,-0.0048061,-0.0024840,-0.0003602, 0.0014822, 0.0029889, 0.0041424, 0.0049657, 0.0055210, 0.0058987, 0.0062020, 0.0065287, 0.0069531, 0.0075143, 0.0082130, 0.0090206, 0.0098954, 0.0107968, 0.0116946, 0.0125727, 0.0134271, 0.0142578, 0.0150605, 0.0158225, 0.0165253, 0.0171492, 0.0176754, 0.0180850, 0.0183629, 0.0185081, 0.0185443, 0.0185203, 0.0184980, 0.0185325, 0.0186542, 0.0188603, 0.0191175, 0.0193753, 0.0195821, 0.0196978, 0.0197004, 0.0195838, 0.0193526, 0.0190183, 0.0185995, 0.0181242, 0.0176306, 0.0171621, 0.0167597, 0.0164522, 0.0162493, 0.0161379, 0.0160862, 0.0160551
-0.0222113,-0.0208205,-0.0195039,-0.0182061,-0.0168347,-0.0152992,-0.0135364,-0.0115221,-0.0092700,-0.0068247,-0.0042529,-0.0016357, 0.0009387, 0.0033823, 0.0056151, 0.0075732, 0.0092163, 0.0105362, 0.0115585, 0.0123377, 0.0129452, 0.0134560, 0.0139333, 0.0144172, 0.0149206, 0.0154350, 0.0159434, 0.0164319, 0.0168959, 0.0173416, 0.0177826, 0.0182322, 0.0186959, 0.0191694, 0.0196421, 0.0201012, 0.0205296, 0.0209020, 0.0211871, 0.0213597, 0.0214167, 0.0213838, 0.0213087, 0.0212449, 0.0212341, 0.0212942, 0.0214175, 0.0215769, 0.0217365, 0.0218609, 0.0219219, 0.0219012, 0.0217903, 0.0215913, 0.0213176, 0.0209951, 0.0206588, 0.0203460, 0.0200892, 0.0199093, 0.0198112, 0.0197826, 0.0197979, 0.0198262
-0.0219312,-0.0201599,-0.0184921,-0.0168929,-0.0152800,-0.0135620,-0.0116667,-0.0095556,-0.0072259,-0.0047038,-0.0020352, 0.0007210, 0.0034973, 0.0062195, 0.0088105, 0.0111956, 0.0133112, 0.0151161, 0.0165989, 0.0177765, 0.0186880, 0.0193847, 0.0199183, 0.0203300, 0.0206445, 0.0208738, 0.0210260, 0.0211142, 0.0211596, 0.0211907, 0.0212386, 0.0213289, 0.0214763, 0.0216843, 0.0219503, 0.0222681, 0.0226228, 0.0229829, 0.0233003, 0.0235250, 0.0236259, 0.0236044, 0.0234938, 0.0233460, 0.0232140, 0.0231371, 0.0231336, 0.0232008, 0.0233185, 0.0234556, 0.0235772, 0.0236517, 0.0236568, 0.0235845, 0.0234433, 0.0232575, 0.0230595, 0.0228814, 0.0227476, 0.0226711, 0.0226526, 0.0226812, 0.0227373, 0.0227989
-0.0214241,-0.0194444,-0.0175956,-0.0158595,-0.0141599,-0.0124015,-0.0105005,-0.0084043,-0.0060943,-0.0035806,-0.0008916, 0.0019320, 0.0048391, 0.0077669, 0.0106400, 0.0133732, 0.0158822, 0.0180965, 0.0199714, 0.0214911, 0.0226659, 0.0235265, 0.0241143, 0.0244710, 0.0246316, 0.0246251, 0.0244816, 0.0242377, 0.0239371, 0.0236275, 0.0233548, 0.0231550, 0.0230502, 0.0230501, 0.0231589, 0.0233763, 0.0236898, 0.0240623, 0.0244312, 0.0247240, 0.0248846, 0.0248928, 0.0247691, 0.0245637, 0.0243395, 0.0241546, 0.0240502, 0.0240445, 0.0241315, 0.0242836, 0.0244597, 0.0246160, 0.0247178, 0.0247479, 0.0247110, 0.0246300, 0.0245360, 0.0244569, 0.0244109, 0.0244046, 0.0244355, 0.0244938, 0.0245656, 0.0246363
-0.0208071,-0.0188295,-0.0170049,-0.0153253,-0.0137148,-0.0120704,-0.0102966,-0.0083273,-0.0061320,-0.0037091,-0.0010762, 0.0017374, 0.0046907, 0.0077272, 0.0107713, 0.0137300, 0.0165026, 0.0189973, 0.0211449, 0.0229059, 0.0242700, 0.0252530, 0.0258891, 0.0262198, 0.0262866, 0.0261302, 0.0257960, 0.0253371, 0.0248135, 0.0242866, 0.0238123, 0.0234337, 0.0231775, 0.0230576, 0.0230825, 0.0232564, 0.0235688, 0.0239791, 0.0244139, 0.0247839, 0.0250143, 0.0250689, 0.0249584, 0.0247321, 0.0244598, 0.0242128, 0.0240485, 0.0240003, 0.0240724, 0.0242400, 0.0244572, 0.0246710, 0.0248372, 0.0249319, 0.0249570, 0.0249349, 0.0248966, 0.0248680, 0.0248633, 0.0248855, 0.0249299, 0.0249883, 0.0250506, 0.0251073
-0.0201916,-0.0184390,-0.0168539,-0.0154298,-0.0140847,-0.0127050,-0.0111831,-0.0094428,-0.0074460,-0.0051864,-0.0026783, 0.0000512, 0.0029629, 0.0060008, 0.0090872, 0.0121236, 0.0150007, 0.0176150, 0.0198851, 0.0217596, 0.0232184, 0.0242707, 0.0249468, 0.0252876, 0.0253365, 0.0251388, 0.0247464, 0.0242204, 0.0236283, 0.0230379, 0.0225096, 0.0220892, 0.0218049, 0.0216718, 0.0217000, 0.0218962, 0.0222514, 0.0227238, 0.0232342, 0.0236845, 0.0239895, 0.0241043, 0.0240348, 0.0238295, 0.0235614, 0.0233077, 0.0231333, 0.0230792, 0.0231547, 0.0233366, 0.0235765, 0.0238165, 0.0240069, 0.0241202, 0.0241568, 0.0241398, 0.0241012, 0.0240671, 0.0240512, 0.0240557, 0.0240757, 0.0241041, 0.0241327, 0.0241539
-0.0196698,-0.0183440,-0.0171915,-0.0161986,-0.0152710,-0.0142817,-0.0131124,-0.0116802,-0.0099448,-0.0079023,-0.0055721,-0.0029881,-0.0001964, 0.0027413, 0.0057437, 0.0087099, 0.0115291, 0.0140976, 0.0163342, 0.0181889, 0.0196436, 0.0207087, 0.0214152, 0.0218028, 0.0219123, 0.0217857, 0.0214726, 0.0210322, 0.0205310, 0.0200353, 0.0196042, 0.0192817, 0.0190942, 0.0190551, 0.0191735, 0.0194561, 0.0198948, 0.0204489, 0.0210396, 0.0215675, 0.0219464, 0.0221311, 0.0221273, 0.0219833, 0.0217712, 0.0215665, 0.0214324, 0.0214089, 0.0215057, 0.0216996, 0.0219424, 0.0221756, 0.0223488, 0.0224338, 0.0224314, 0.0223661, 0.0222720, 0.0221780, 0.0221002, 0.0220432, 0.0220039, 0.0219758, 0.0219504, 0.0219188
-0.0193052,-0.0185596,-0.0179850,-0.0175527,-0.0171509,-0.0166378,-0.0158858,-0.0148091,-0.0133709,-0.0115754,-0.0094552,-0.0070589,-0.0044470,-0.0016921, 0.0011191, 0.0038862, 0.0065043, 0.0088795, 0.0109429, 0.0126576, 0.0140179, 0.0150439, 0.0157709, 0.0162369, 0.0164758, 0.0165198, 0.0164074, 0.0161879, 0.0159181, 0.0156563, 0.0154546, 0.0153515, 0.0153689, 0.0155158, 0.0157978, 0.0162195, 0.0167732, 0.0174215, 0.0180905, 0.0186879, 0.0191349, 0.0193930, 0.0194728, 0.0194230, 0.0193110, 0.0192034, 0.0191533, 0.0191924, 0.0193253, 0.0195284, 0.0197556, 0.0199523, 0.0200714, 0.0200874, 0.0200026, 0.0198437, 0.0196479, 0.0194487, 0.0192677, 0.0191144, 0.0189891, 0.0188856, 0.0187929, 0.0186977
-0.0191245,-0.0190537,-0.0191445,-0.0193475,-0.0195297,-0.0195341,-0.0192261,-0.0185205,-0.0173880,-0.0158469,-0.0139480,-0.0117614,-0.0093675,-0.0068540,-0.0043141,-0.0018450, 0.0004602, 0.0025255, 0.0043041, 0.0057823, 0.0069754, 0.0079192, 0.0086565, 0.0092237, 0.0096443, 0.0099351, 0.0101172, 0.0102226, 0.0102922, 0.0103704, 0.0104982, 0.0107059, 0.0110085, 0.0114090, 0.0119073, 0.0125043, 0.0131922, 0.0139381, 0.0146778, 0.0153319, 0.0158362, 0.0161655, 0.0163387, 0.0164056, 0.0164258, 0.0164515, 0.0165189, 0.0166446, 0.0168246, 0.0170338, 0.0172303, 0.0173668, 0.0174033, 0.0173193, 0.0171202, 0.0168349, 0.0165046, 0.0161686, 0.0158562, 0.0155842, 0.0153570, 0.0151686, 0.0150037, 0.0148421
-0.0191154,-0.0197598,-0.0205508,-0.0214146,-0.0221954,-0.0227215,-0.0228531,-0.0225090,-0.0216709,-0.0203745,-0.0186931,-0.0167220,-0.0145658,-0.0123296,-0.0101137,-0.0080102,-0.0060960,-0.0044229,-0.0030086,-0.0018365,-0.0008641,-0.0000352, 0.0007030, 0.0013845, 0.0020206, 0.0026086, 0.0031476, 0.0036470, 0.0041272, 0.0046149, 0.0051372, 0.0057139, 0.0063520, 0.0070474, 0.0077928, 0.0085842, 0.0094132, 0.0102527, 0.0110510, 0.0117463, 0.0122942, 0.0126876, 0.0129567, 0.0131524, 0.0133248, 0.0135074, 0.0137141, 0.0139424, 0.0141764, 0.0143887, 0.0145433, 0.0146029, 0.0145375, 0.0143336, 0.0140002, 0.0135691, 0.0130853, 0.0125951, 0.0121369, 0.0117357, 0.0114013, 0.0111272, 0.0108923, 0.0106682
-0.0192320,-0.0205905,-0.0220772,-0.0235915,-0.0249546,-0.0259812,-0.0265286,-0.0265217,-0.0259558,-0.0248859,-0.0234100,-0.0216510,-0.0197393,-0.0177990,-0.0159372,-0.0142396,-0.0127642,-0.0115343,-0.0105340,-0.0097123,-0.0089953,-0.0083038,-0.0075738,-0.0067734,-0.0059053,-0.0049935,-0.0040644,-0.0031341,-0.0022056,-0.0012723,-0.0003229, 0.0006513, 0.0016486, 0.0026568, 0.0036612, 0.0046517, 0.0056192, 0.0065429, 0.0073854, 0.0081059, 0.0086831, 0.0091309, 0.0094927, 0.0098210, 0.0101547, 0.0105062, 0.0108640, 0.0112032, 0.0114943, 0.0117072, 0.0118126, 0.0117853, 0.0116072, 0.0112731, 0.0107965, 0.0102115, 0.0095674, 0.0089176, 0.0083100, 0.0077791, 0.0073399, 0.0069853, 0.0066877, 0.0064091
-0.0194032,-0.0214475,-0.0235994,-0.0257312,-0.0276419,-0.0291344,-0.0300647,-0.0303658,-0.0300473,-0.0291847,-0.0279011,-0.0263473,-0.0246801,-0.0230423,-0.0215479,-0.0202750,-0.0192610,-0.0184989,-0.0179370,-0.0174879,-0.0170448,-0.0165043,-0.0157907,-0.0148743,-0.0137720,-0.0125306,-0.0112030,-0.0098321,-0.0084460,-0.0070592,-0.0056764,-0.0043006,-0.0029424,-0.0016219,-0.0003618, 0.0008218, 0.0019184, 0.0029140, 0.0037865, 0.0045173, 0.0051105, 0.0056023, 0.0060501, 0.0065083, 0.0070038, 0.0075267, 0.0080386, 0.0084908, 0.0088391, 0.0090503, 0.0091029, 0.0089845, 0.0086903, 0.0082239, 0.0076034, 0.0068656, 0.0060634, 0.0052573, 0.0045051, 0.0038504, 0.0033138, 0.0028872, 0.0025362, 0.0022126
-0.0195393,-0.0222233,-0.0249934,-0.0276962,-0.0301104,-0.0320286,-0.0333076,-0.0338888,-0.0337966,-0.0331263,-0.0320252,-0.0306709,-0.0292452,-0.0279089,-0.0267821,-0.0259345,-0.0253829,-0.0250898,-0.0249681,-0.0248938,-0.0247280,-0.0243437,-0.0236536,-0.0226302,-0.0213047,-0.0197461,-0.0180335,-0.0162366,-0.0144082,-0.0125838,-0.0107840,-0.0090232,-0.0073203,-0.0057034,-0.0042028,-0.0028406,-0.0016287,-0.0005745, 0.0003154, 0.0010448, 0.0016433, 0.0021693, 0.0026946, 0.0032749, 0.0039253, 0.0046137, 0.0052750, 0.0058366, 0.0062394, 0.0064475, 0.0064468, 0.0062384, 0.0058307, 0.0052366, 0.0044789, 0.0035964, 0.0026453, 0.0016931, 0.0008064, 0.0000382,-0.0005860,-0.0010753,-0.0014707,-0.0018304
-0.0195334,-0.0227980,-0.0261280,-0.0293467,-0.0322155,-0.0345191,-0.0361157,-0.0369551,-0.0370757,-0.0365905,-0.0356688,-0.0345118,-0.0333240,-0.0322819,-0.0315104,-0.0310713,-0.0309613,-0.0311147,-0.0314112,-0.0316934,-0.0317927,-0.0315604,-0.0308994,-0.0297842,-0.0282590,-0.0264134,-0.0243510,-0.0221663,-0.0199351,-0.0177124,-0.0155336,-0.0134238,-0.0114096,-0.0095262,-0.0078110,-0.0062917,-0.0049813,-0.0038811,-0.0029831,-0.0022623,-0.0016653,-0.0011126,-0.0005196, 0.0001707, 0.0009622, 0.0018020, 0.0026000, 0.0032615, 0.0037136, 0.0039175, 0.0038666, 0.0035745, 0.0030623, 0.0023518, 0.0014697, 0.0004569,-0.0006275,-0.0017105,-0.0027169,-0.0035857,-0.0042869,-0.0048304,-0.0052635,-0.0056534
-0.0192683,-0.0230440,-0.0268665,-0.0305405,-0.0338134,-0.0364644,-0.0383534,-0.0394380,-0.0397677,-0.0394704,-0.0387330,-0.0377763,-0.0368230,-0.0360620,-0.0356215,-0.0355558,-0.0358444,-0.0363970,-0.0370651,-0.0376635,-0.0379988,-0.0379050,-0.0372765,-0.0360902,-0.0344016,-0.0323176,-0.0299625,-0.0274518,-0.0248814,-0.0223227,-0.0198244,-0.0174205,-0.0151447,-0.0130382,-0.0111442,-0.0094953,-0.0081052,-0.0069700,-0.0060688,-0.0053581,-0.0047641,-0.0041893,-0.0035387,-0.0027546,-0.0018429,-0.0008745, 0.0000396, 0.0007855, 0.0012787, 0.0014783, 0.0013838, 0.0010198, 0.0004184,-0.0003910,-0.0013782,-0.0025009,-0.0036978,-0.0048913,-0.0059994,-0.0069544,-0.0077223,-0.0083139,-0.0087815,-0.0091995
-0.0186447,-0.0228563,-0.0270996,-0.0311658,-0.0347933,-0.0377578,-0.0399212,-0.0412464,-0.0417914,-0.0416942,-0.0411543,-0.0404063,-0.0396853,-0.0391888,-0.0390465,-0.0393060,-0.0399331,-0.0408186,-0.0417932,-0.0426507,-0.0431804,-0.0432035,-0.0426095,-0.0413774,-0.0395712,-0.0373112,-0.0347369,-0.0319801,-0.0291519,-0.0263368,-0.0235938,-0.0209646,-0.0184887,-0.0162118,-0.0141818,-0.0124347,-0.0109847,-0.0098232,-0.0089194,-0.0082152,-0.0076211,-0.0070263,-0.0063282,-0.0054694,-0.0044637,-0.0033957,-0.0023926,-0.0015823,-0.0010581,-0.0008626,-0.0009913,-0.0014111,-0.0020818,-0.0029682,-0.0040371,-0.0052454,-0.0065305,-0.0078115,-0.0090014,-0.0100278,-0.0108537,-0.0114902,-0.0119931,-0.0124418
-0.0176754,-0.0222586,-0.0268615,-0.0312667,-0.0352077,-0.0384590,-0.0408843,-0.0424504,-0.0432200,-0.0433379,-0.0430112,-0.0424828,-0.0419957,-0.0417519,-0.0418809,-0.0424246,-0.0433383,-0.0444992,-0.0457231,-0.0467900,-0.0474775,-0.0475994,-0.0470425,-0.0457879,-0.0439059,-0.0415261,-0.0387988,-0.0358674,-0.0328540,-0.0298532,-0.0269320,-0.0241384,-0.0215164,-0.0191157,-0.0169873,-0.0151694,-0.0136764,-0.0124961,-0.0115898,-0.0108884,-0.0102910,-0.0096776,-0.0089410,-0.0080245,-0.0069483,-0.0058069,-0.0047388,-0.0038819,-0.0033357,-0.0031437,-0.0032981,-0.0037599,-0.0044825,-0.0054266,-0.0065571,-0.0078304,-0.0091831,-0.0105323,-0.0117879,-0.0128740,-0.0137518,-0.0144320,-0.0149727,-0.0154562
